INSERT INTO `localizaciones` (`id`, `edificio`, `piso`, `servico_departamento`, `sala_gabinete`) VALUES
(1, 'Edifício Central', 'Piso 0', 'Urgência Geral', 'Sala de Reanimação 1'),
(2, 'Edifício Central', 'Piso 0', 'Urgência Geral', 'Triagem Laranja'),
(3, 'Edifício Central', 'Piso 1', 'Bloco Operatório', 'Sala de Operações 1 (Geral)'),
(4, 'Edifício Central', 'Piso 1', 'Bloco Operatório', 'Sala de Operações 2 (Ortopedia)'),
(5, 'Edifício Central', 'Piso 1', 'Bloco Operatório', 'Sala de Recobro (Post-Anestesia)'),
(6, 'Edifício Central', 'Piso 2', 'Unidade de Cuidados Intensivos', 'Box UCIP 1'),
(7, 'Edifício Central', 'Piso 2', 'Unidade de Cuidados Intensivos', 'Box UCIP 2 (Isolamento)'),
(8, 'Edifício Central', 'Piso 3', 'Cardiologia', 'Laboratório de Hemodinâmica'),
(9, 'Edifício Central', 'Piso 3', 'Cardiologia', 'Gabinete de Ecocardiografia'),
(10, 'Edifício Central', 'Piso -1', 'Esterilização', 'Zona Suja (Lavagem)'),
(11, 'Edifício Central', 'Piso -1', 'Esterilização', 'Zona Limpa (Autoclaves)'),
(12, 'Ala Pediatria', 'Piso 0', 'Urgência Pediátrica', 'Gabinete Médico 1'),
(13, 'Ala Pediatria', 'Piso 1', 'Neonatologia', 'Unidade de Cuidados Intensivos Neonatais'),
(14, 'Ala Pediatria', 'Piso 2', 'Internamento Pediatrico', 'Quarto 201'),
(15, 'Bloco Técnico', 'Piso 0', 'Patologia Clínica', 'Laboratório de Bioquímica'),
(16, 'Bloco Técnico', 'Piso 0', 'Patologia Clínica', 'Laboratório de Hematologia'),
(17, 'Bloco Técnico', 'Piso 1', 'Imagiologia', 'Sala de Tomografia Computorizada (TC)'),
(18, 'Bloco Técnico', 'Piso 1', 'Imagiologia', 'Sala de Ressonância Magnética (RM)'),
(19, 'Bloco Técnico', 'Piso 1', 'Imagiologia', 'Sala de Ecografia 1'),
(20, 'Bloco Técnico', 'Piso -1', 'Anatomia Patológica', 'Sala de Macrobiologia'),
(21, 'Edifício Consultas', 'Piso 0', 'Consultas Externas', 'Gabinete de Oftalmologia'),
(22, 'Edifício Consultas', 'Piso 0', 'Consultas Externas', 'Gabinete de Otorrinolaringologia'),
(23, 'Edifício Consultas', 'Piso 1', 'Ginecologia / Obstetrícia', 'Sala de Ecografia Obstétrica'),
(24, 'Edifício Consultas', 'Piso 2', 'Urologia', 'Sala de Cistoscopia'),
(25, 'Geral', 'Piso 0', 'Fisiatria e Reabilitação', 'Ginásio Terapêutico 1'),
(26, 'Geral', 'Piso 0', 'Fisiatria e Reabilitação', 'Gabinete de Eletroterapia'),
(27, 'Geral', 'Piso 1', 'Nefrologia', 'Sala de Hemodiálise 1'),
(28, 'Geral', 'Piso 1', 'Nefrologia', 'Sala de Hemodiálise 2'),
(29, 'Edifício Central', 'Piso 0', 'Urgência Geral', 'Gabinete de Gesso'),
(30, 'Bloco Técnico', 'Piso 2', 'Imunoalergologia', 'Gabinete de Testes Funcionais');

INSERT INTO `fornecedores` (`id`, `nome_empresa`, `nif`, `contacto_telefonico`, `email`, `morada`, `website`, `pessoa_contacto`, `telefone_pessoa_contacto`, `observacoes`) VALUES
(1, 'Philips Medical Systems Portugal', '501234567', '210000001', 'geral@philips.pt', 'Av. da Liberdade, Lisboa', 'www.philips.pt', 'Eng. Carlos Silva', '910000001', 'Fornecedor principal de monitorização e imagiologia'),
(2, 'Siemens Healthcare Unipessoal', '502345678', '210000002', 'contact.pt@siemens-healthineers.com', 'Rua Irmãos Siemens, Amadora', 'www.siemens-healthineers.pt', 'Dra. Ana Rocha', '910000002', 'Contratos de grande escala para TC e RM'),
(3, 'GE Medical Systems Portugal', '503456789', '210000003', 'suporte@ge.com', 'Parque das Nações, Lisboa', 'www.gehealthcare.com', 'Eng. Pedro Sousa', '910000003', 'Assistência técnica premium dedicada'),
(4, 'Dräger Portugal Lda', '504567890', '210000004', 'vendas@draeger.com', 'Zona Industrial da Maia', 'www.draeger.pt', 'Miguel Santos', '910000004', 'Especialistas em ventiladores e anestesia'),
(5, 'Medtronic Portugal', '505678901', '210000005', 'pt-office@medtronic.com', 'Taguspark, Oeiras', 'www.medtronic.pt', 'Sofia Antunes', '910000005', 'Fornecedor de consumíveis cirúrgicos e pacemakers'),
(6, 'B. Braun Medical Lda', '506789012', '210000006', 'info.pt@bbraun.com', 'Queluz de Baixo', 'www.bbraun.pt', 'Ricardo Fonseca', '910000006', 'Bombas de infusão e sistemas de diálise'),
(7, 'Olympus Portugal SA', '507890123', '210000007', 'olympus@olympus.pt', 'Matosinhos, Porto', 'www.olympus.pt', 'Eng. Paulo Neves', '910000007', 'Endoscopia e óticas cirúrgicas'),
(8, 'Stryker Portugal', '508901234', '210000008', 'stryker.pt@stryker.com', 'Saldanha, Lisboa', 'www.stryker.com', 'Beatriz Costa', '910000008', 'Equipamento de bloco operatório e macas'),
(9, 'Mesa Medical Assistance', '509012345', '220000009', 'manutencao@mesamedical.pt', 'Vila Nova de Gaia', 'www.mesamedical.pt', 'Eng. Rui Melo', '920000009', 'Empresa externa de assistência multi-marca'),
(10, 'Linde Healthcare Portugal', '510123456', '210000010', 'homecare.pt@linde.com', 'Prior Velho', 'www.linde-healthcare.pt', 'Nuno Teixeira', '910000010', 'Gases medicinais e respetivos sistemas'),
(11, 'Roche Sistemas de Diagnósticos', '511234567', '210000011', 'roche.diagnosticos@roche.com', 'Amadora', 'www.roche.pt', 'Dra. Cláudia Lima', '910000011', 'Analisadores laboratoriais e reagentes'),
(12, 'Sysmex Portugal Lda', '512345678', '220000012', 'sysmex@sysmex.pt', 'Parque Tecnológico da Maia', 'www.sysmex.pt', 'Rita Martins', '920000012', 'Equipamentos de hematologia laboratorial'),
(13, 'Getinge Portugal', '513456789', '210000013', 'info@getinge.pt', 'Sintra', 'www.getinge.com', 'Eng. Jorge Mendes', '910000013', 'Esterilização (autoclaves) e mesas cirúrgicas'),
(14, 'Steris Ibéria', '514567890', '210000014', 'steris_pt@steris.com', 'Alverca', 'www.steris.com', 'Marta Simões', '910000014', 'Lavadoras desinfetadoras e químicos esterilizantes'),
(15, 'Nihon Kohden Europe (Filial)', '515678901', '210000015', 'nk_portugal@nihonkohden.com', 'Parque das Nações, Lisboa', 'www.nihonkohden.com', 'Kenji Sato', '910000015', 'Monitores de sinais vitais e desfibrilhadores'),
(16, 'Zoll Medical Portugal', '516789012', '210000016', 'zoll.pt@zoll.com', 'Carnaxide', 'www.zoll.com', 'Eng. David Dias', '910000016', 'Desfibrilhadores e sistemas de reanimação CPR'),
(17, 'Fresenius Medical Care', '517890123', '210000017', 'fresenius.pt@fmc-ag.com', 'Rua do Campo Alegre, Porto', 'www.freseniusmedicalcare.pt', 'Dr. Alberto Vieira', '910000017', 'Consumíveis e máquinas de hemodiálise'),
(18, 'Baxter Médico-Farmacêutica', '518901234', '210000018', 'baxter_portugal@baxter.com', 'Sintra', 'www.baxter.pt', 'Inês Cavaco', '910000018', 'Sistemas de diálise peritoneal e perfusão'),
(19, 'Mindray Portugal', '519012345', '210000019', 'service.pt@mindray.com', 'Lagoas Park, Oeiras', 'www.mindray.com', 'Eng. Zhou Wang', '910000019', 'Equipamentos complementares de ecografia e monitorização'),
(20, 'Hill-Rom Portugal', '520123456', '210000020', 'hillrom.pt@hillrom.com', 'Lisboa', 'www.hillrom.com', 'Paula Ferreira', '910000020', 'Camas articuladas motorizadas e integradas'),
(21, 'Esaote Ibérica (Delegação)', '521234567', '220000021', 'esaote@esaote.pt', 'Perafita, Matosinhos', 'www.esaote.com', 'Vítor Pereira', '920000021', 'Sistemas dedicados de ecografia e RM aberta'),
(22, 'Agfa Healthcare Portugal', '522345678', '210000022', 'agfa.pt@agfa.com', 'Carnaxide', 'www.agfahealthcare.com', 'Eng. Rui Carvalho', '910000022', 'Sistemas de Radiologia Digital Directa e PACS'),
(23, 'Bio-Rad Laboratories', '523456789', '210000023', 'bio-rad_portugal@bio-rad.com', 'Alfragide', 'www.bio-rad.com', 'Dra. Marta Sousa', '910000023', 'Sistemas laboratoriais de controlo de qualidade'),
(24, 'Chirana Clean Tech', '524567890', '220000024', 'suporte@chirana.pt', 'Coimbra', 'www.chirana.pt', 'Henrique Reis', '930000024', 'Unidades dentárias e componentes pneumáticos'),
(25, 'Enermed Assistência Hospitalar', '525678901', '210000025', 'geral@enermed.pt', 'Leiria', 'www.enermed.pt', 'Eng. António Ramos', '910000025', 'Manutenções preventivas gerais e calibrações'),
(26, 'Hospitenda Consumíveis', '526789012', '220000026', 'encomendas@hospitenda.pt', 'Gondomar', 'www.hospitenda.pt', 'Susana Gomes', '920000026', 'Fornecimento rápido de elétrodos, cabos e gel'),
(27, 'Televon Tecno-Médica', '527890123', '210000027', 'televon@televon.pt', 'Viseu', 'www.televon.pt', 'Luis Antunes', '910000027', 'Distribuidor oficial regional de aparelhos portáteis'),
(28, 'Alcon Portugal', '528901234', '210000028', 'alcon.portugal@alcon.com', 'Oeiras', 'www.alcon.com', 'Dr. Manuel Matos', '910000028', 'Equipamento cirúrgico de oftalmologia (Faco)'),
(29, 'Karl Storz Endoscopia', '529012345', '210000029', 'storz-pt@karlstorz.com', 'Lisboa', 'www.karlstorz.com', 'Eng. Nuno Viegas', '910000029', 'Torres de laparoscopia e óticas rígidas'),
(30, 'Fujifilm Healthcare Europe', '530123456', '210000030', 'fuji.med@fujifilm.com', 'Porto', 'www.fujifilm.com', 'Diana Abreu', '910000030', 'Sistemas de endoscopia digestiva e ecógrafos');

INSERT INTO `equipamentos` (`id`, `codigo_interno`, `designacao`, `categoria`, `marca`, `modelo`, `numero_serie`, `fabricante`, `data_aquisicao`, `ano_fabrico`, `custo_aquisicao`, `tipo_entrada`, `estado_atual`, `criticidade`, `localizacao_id`, `observacoes`) VALUES
(1, 'EQ-MON-001', 'Monitor de Sinais Vitais', 'Monitorização', 'Philips', 'IntelliVue MX550', 'US45123981', 'Philips Medical Systems', '2021-03-15', 2021, 8500.00, 'Compra', 'Ativo', 'Alta', 1, 'Calibração anual em dia.'),
(2, 'EQ-MON-002', 'Monitor de Sinais Vitais', 'Monitorização', 'Philips', 'IntelliVue MX550', 'US45123982', 'Philips Medical Systems', '2021-03-15', 2021, 8500.00, 'Compra', 'Ativo', 'Alta', 6, NULL),
(3, 'EQ-SVI-001', 'Ventilador de Cuidados Intensivos', 'Suporte de vida', 'Dräger', 'Evita V800', 'DE884123', 'Drägerwerk AG', '2020-06-20', 2020, 32000.00, 'Compra', 'Ativo', 'Suporte de vida', 6, 'Substituídas células de O2 recentemente.'),
(4, 'EQ-SVI-002', 'Ventilador de Cuidados Intensivos', 'Suporte de vida', 'Dräger', 'Evita V800', 'DE884124', 'Drägerwerk AG', '2020-06-20', 2020, 32000.00, 'Compra', 'Em manutenção', 'Suporte de vida', 7, 'A aguardar bloco de válvulas expira.'),
(5, 'EQ-TER-001', 'Bomba de Infusão Volumétrica', 'Terapia', 'B. Braun', 'Infusomat Space', 'BB20198831', 'B. Braun Melsungen AG', '2022-01-10', 2021, 1850.00, 'Compra', 'Ativo', 'Média', 13, 'Bateria testada com autonomia total.'),
(6, 'EQ-TER-002', 'Bomba de Infusão Volumétrica', 'Terapia', 'B. Braun', 'Infusomat Space', 'BB20198832', 'B. Braun Melsungen AG', '2022-01-10', 2021, 1850.00, 'Compra', 'Ativo', 'Média', 1, NULL),
(7, 'EQ-SVI-003', 'Máquina de Anestesia', 'Suporte de vida', 'Dräger', 'Primus', 'DE897412', 'Drägerwerk AG', '2019-11-05', 2019, 45000.00, 'Compra', 'Ativo', 'Suporte de vida', 3, 'Verificação pré-uso diária obrigatória.'),
(8, 'EQ-DIA-001', 'Ecocardiógrafo Clínico', 'Diagnóstico', 'GE', 'Vivid E95', 'GE993812', 'GE Healthcare', '2022-05-18', 2022, 75000.00, 'Compra', 'Ativo', 'Alta', 9, 'Sonda transesofágica incluída.'),
(9, 'EQ-DIA-002', 'Tomógrafo Computorizado (TC 64 Cortes)', 'Diagnóstico', 'Siemens', 'Somatom Go.Top', 'SI112398', 'Siemens Healthineers', '2018-08-30', 2018, 280000.00, 'Compra', 'Ativo', 'Alta', 17, 'Contrato de manutenção total de tubo de RX.'),
(10, 'EQ-LAB-001', 'Analisador de Bioquímica Automatizado', 'Laboratório', 'Roche', 'Cobas c311', 'RO773412', 'Roche Diagnostics', '2020-02-12', 2019, 55000.00, 'Aluguer', 'Ativo', 'Média', 15, 'Contrato baseado em aquisição de reagentes.'),
(11, 'EQ-EST-001', 'Autoclave de Vapor de 600 Litros', 'Esterilização', 'Getinge', 'HS6613', 'GT55211', 'Getinge AB', '2017-04-03', 2017, 89000.00, 'Compra', 'Ativo', 'Alta', 11, 'Teste de Bowie-Dick realizado diariamente.'),
(12, 'EQ-SVI-004', 'Desfibrilhador Bifásico Portátil', 'Suporte de vida', 'Zoll', 'X Series', 'ZO339120', 'Zoll Medical Corp', '2023-01-15', 2022, 11500.00, 'Compra', 'Ativo', 'Suporte de vida', 1, 'Colocado no carro de emergência.'),
(13, 'EQ-SVI-005', 'Desfibrilhador Bifásico Portátil', 'Suporte de vida', 'Zoll', 'X Series', 'ZO339121', 'Zoll Medical Corp', '2023-01-15', 2022, 11500.00, 'Compra', 'Em calibração', 'Suporte de vida', 12, 'Enviado para teste de descarga em simulador.'),
(14, 'EQ-SVI-006', 'Incubadora Pediátrica de Cuidados Intensivos', 'Suporte de vida', 'Dräger', 'Isolette 8000', 'DE991023', 'Drägerwerk AG', '2021-08-14', 2021, 14200.00, 'Compra', 'Ativo', 'Suporte de vida', 13, 'Verificação dos sensores de humidade e pele.'),
(15, 'EQ-DIA-003', 'Sistema de Endoscopia Digestiva Alta', 'Diagnóstico', 'Olympus', 'Evis Exera III', 'OL223190', 'Olympus Corp', '2020-10-11', 2020, 38000.00, 'Compra', 'Ativo', 'Alta', 30, 'Torre completa com video-processador.'),
(16, 'EQ-TER-003', 'Máquina de Hemodiálise de Alta Convecção', 'Terapia', 'Fresenius', '5008 CorDiax', 'FR881234', 'Fresenius Medical Care', '2019-05-02', 2019, 19000.00, 'Compra', 'Ativo', 'Alta', 27, NULL),
(17, 'EQ-TER-004', 'Máquina de Hemodiálise de Alta Convecção', 'Terapia', 'Fresenius', '5008 CorDiax', 'FR881235', 'Fresenius Medical Care', '2019-05-02', 2019, 19000.00, 'Compra', 'Inativo', 'Alta', 28, 'Necessita de substituição do painel eletrónico.'),
(18, 'EQ-REA-001', 'Estação de Eletroterapia e Ultrassons', 'Reabilitação', 'Chattanooga', 'Intelect Neo', 'CH110293', 'DJO Global', '2022-03-20', 2021, 4500.00, 'Compra', 'Ativo', 'Baixa', 26, NULL),
(19, 'EQ-DIA-004', 'Ressonância Magnética 1.5T', 'Diagnóstico', 'Siemens', 'Magnetom Altea', 'SI554123', 'Siemens Healthineers', '2023-06-01', 2023, 750000.00, 'Compra', 'Ativo', 'Alta', 18, 'Nível de Hélio verificado e estável a 98%.'),
(20, 'EQ-DIA-005', 'Arco Cirúrgico em C', 'Diagnóstico', 'GE', 'OEC One CFD', 'GE883102', 'GE Healthcare', '2020-04-12', 2020, 68000.00, 'Compra', 'Ativo', 'Alta', 4, 'Utilizado maioritariamente em cirurgia ortopédica.'),
(21, 'EQ-EST-002', 'Lavadora e Desinfetadora de Instrumentos', 'Esterilização', 'Steris', 'Reliance 333', 'ST441290', 'Steris Corp', '2018-12-15', 2018, 24500.00, 'Compra', 'Ativo', 'Média', 10, 'Verificação quinzenal de doseamento químico.'),
(22, 'EQ-DIA-006', 'Retinógrafo Não-Midriático', 'Diagnóstico', 'Topcon', 'TRC-NW400', 'TO229103', 'Topcon Corp', '2021-11-30', 2021, 16000.00, 'Compra', 'Ativo', 'Média', 21, NULL),
(23, 'EQ-LAB-002', 'Analisador de Hematologia (Hemograma)', 'Laboratório', 'Sysmex', 'XN-1000', 'SY441029', 'Sysmex Corp', '2020-07-19', 2020, 31000.00, 'Aluguer', 'Ativo', 'Média', 16, NULL),
(24, 'EQ-SVI-007', 'Módulo de Capnografia Microstream', 'Suporte de vida', 'Medtronic', 'Capnostream 35', 'MT110293', 'Medtronic Inc', '2022-09-05', 2022, 5200.00, 'Empréstimo', 'Ativo', 'Alta', 1, 'Cedido temporariamente para testes clínicos.'),
(25, 'EQ-REA-002', 'Passadeira de Marcha Terapêutica de Alta Carga', 'Reabilitação', 'H/P/Cosmos', 'Locomotion', 'HP88310', 'h/p/cosmos sports', '2019-02-17', 2018, 12500.00, 'Compra', 'Ativo', 'Baixa', 25, 'Cinta de tração substituída em 2025.'),
(26, 'EQ-DIA-007', 'Ecógrafo Portátil de Diagnóstico', 'Diagnóstico', 'Mindray', 'M9', 'MI441023', 'Mindray Bio-Medical', '2022-04-10', 2022, 22000.00, 'Compra', 'Ativo', 'Média', 2, 'Equipamento muito versátil alocado à triagem.'),
(27, 'EQ-TER-005', 'Bomba de Seringa de Elevada Precisão', 'Terapia', 'B. Braun', 'Perfusor Space', 'BB339102', 'B. Braun Melsungen AG', '2021-03-22', 2021, 1950.00, 'Compra', 'Ativo', 'Média', 6, NULL),
(28, 'EQ-TER-006', 'Laser Cirúrgico de CO2', 'Terapia', 'Lumenis', 'AcuPulse', 'LU449120', 'Lumenis Ltd', '2018-05-14', 2017, 34000.00, 'Compra', 'Em quarentena', 'Alta', 3, 'A aguardar validação de segurança radiológica após reparo.'),
(29, 'EQ-DIA-008', 'Torre de Laparoscopia Full HD', 'Diagnóstico', 'Karl Storz', 'Image1 S', 'KS883012', 'Karl Storz SE & Co', '2021-06-25', 2021, 41000.00, 'Compra', 'Ativo', 'Alta', 3, 'Fontes de luz LED verificadas e estáveis.'),
(30, 'EQ-DIA-009', 'Sistema Cirúrgico de Facoemulsificação', 'Diagnóstico', 'Alcon', 'Centurion', 'AL110293', 'Alcon Laboratories', '2020-01-20', 2019, 58000.00, 'Doação', 'Abatido', 'Alta', 21, 'Substituído por modelo recente. Desmantelado para peças.');

INSERT INTO `equipamento_fornecedor` (`equipamento_id`, `fornecedor_id`, `tipo_fornecedor`) VALUES
(1, 1, 'Fabricante'),
(1, 26, 'Fornecedor de consumíveis ou acessórios'),
(2, 1, 'Fabricante'),
(3, 4, 'Fabricante'),
(3, 9, 'Empresa de assistência técnica'),
(4, 4, 'Fabricante'),
(5, 6, 'Fabricante'),
(6, 6, 'Fabricante'),
(6, 26, 'Fornecedor de consumíveis ou acessórios'),
(7, 4, 'Fabricante'),
(8, 3, 'Fabricante'),
(8, 25, 'Empresa de assistência técnica'),
(9, 2, 'Fabricante'),
(9, 22, 'Distribuidor ou fornecedor comercial'),
(10, 11, 'Distribuidor ou fornecedor comercial'),
(11, 13, 'Fabricante'),
(12, 16, 'Fabricante'),
(13, 16, 'Fabricante'),
(14, 4, 'Fabricante'),
(15, 7, 'Fabricante'),
(15, 30, 'Empresa de assistência técnica'),
(16, 17, 'Fabricante'),
(17, 17, 'Fabricante'),
(18, 25, 'Empresa de assistência técnica'),
(19, 2, 'Fabricante'),
(20, 3, 'Fabricante'),
(21, 14, 'Distribuidor ou fornecedor comercial'),
(22, 21, 'Distribuidor ou fornecedor comercial'),
(23, 12, 'Fabricante'),
(24, 5, 'Fabricante');

INSERT INTO `garantias_contratos` (`id`, `equipamento_id`, `data_inicio_garantia`, `data_fim_garantia`, `tem_contrato_manutencao`, `tipo_contrato`, `entidade_responsavel_id`, `periodicidade`, `observacoes`) VALUES
(1, 1, '2021-03-15', '2023-03-15', 1, 'Extensão de Garantia Comercial', 1, 'Anual', 'Inclui atualizações de software nativo.'),
(2, 2, '2021-03-15', '2023-03-15', 0, NULL, NULL, NULL, 'Garantia expirada. Manutenção sob demanda interna.'),
(3, 3, '2020-06-20', '2022-06-20', 1, 'Contrato Preventivo Prata', 4, 'Semestral', 'Verificação de segurança elétrica incluída.'),
(4, 4, '2020-06-20', '2022-06-20', 1, 'Contrato Total Care (Full)', 4, 'Trimestral', 'Urgência na resolução de avarias.'),
(5, 5, '2022-01-10', '2024-01-10', 1, 'Contrato Global Multi-Bomba', 6, 'Anual', 'Calibração em lote efetuada no bloco.'),
(6, 6, '2022-01-10', '2024-01-10', 1, 'Contrato Global Multi-Bomba', 6, 'Anual', NULL),
(7, 7, '2019-11-05', '2021-11-05', 1, 'Contrato de Risco Partilhado', 4, 'Trimestral', 'Elevado rigor devido à criticidade do bloco.'),
(8, 8, '2022-05-18', '2025-05-18', 1, 'Cobertura Total de Sondas', 3, 'Semestral', 'Garantia estendida de 3 anos.'),
(9, 9, '2018-08-30', '2020-08-30', 1, 'Full Premium (Inclui Tubo RX)', 2, 'Trimestral', 'Contrato crítico de elevada faturação.'),
(10, 10, NULL, NULL, 1, 'Renda Mensal Operacional Integrada', 11, 'Mensal', 'Manutenção incluída no valor do reagente.'),
(11, 11, '2017-04-03', '2019-04-03', 1, 'Manutenção Corretiva e Validação Biológica', 13, 'Semestral', 'Testes de pressão validados.'),
(12, 12, '2023-01-15', '2025-01-15', 0, NULL, NULL, NULL, 'Equipamento autónomo com baterias de reserva.'),
(13, 13, '2023-01-15', '2025-01-15', 1, 'Calibração Externa Obrigatória', 25, 'Anual', NULL),
(14, 14, '2021-08-14', '2023-08-14', 1, 'Segurança Neonatal Avançada', 4, 'Semestral', 'Verificação de emissão de ruído interna.'),
(15, 15, '2020-10-11', '2022-10-11', 1, 'Contrato de Inspeção de Óticas', 7, 'Trimestral', 'Limpeza interna de prismas óticos.'),
(16, 16, '2019-05-02', '2021-05-02', 1, 'Manutenção Técnica de Circuitos Hidráulicos', 17, 'Mensal', 'Elevado desgaste operacional.'),
(17, 17, '2019-05-02', '2021-05-02', 1, 'Manutenção Técnica de Circuitos Hidráulicos', 17, 'Mensal', 'Retirado temporariamente da linha por avaria.'),
(18, 18, '2022-03-20', '2024-03-20', 0, NULL, NULL, NULL, 'Assegurado pelo serviço de engenharia clínica local.'),
(19, 19, '2023-06-01', '2026-06-01', 1, 'Contrato Criogénico Total', 2, 'Trimestral', 'Monitorização remota 24/7 de hélio líquido.'),
(20, 20, '2020-04-12', '2022-04-12', 1, 'Apoio Técnico Cirúrgico', 3, 'Semestral', NULL),
(21, 21, '2018-12-15', '2020-12-15', 0, NULL, NULL, NULL, 'Efetua apenas manutenções pontuais necessárias.'),
(22, 22, '2021-11-30', '2023-11-30', 1, 'Contrato de Software PACS Link', 21, 'Anual', NULL),
(23, 23, '2020-07-19', '2022-07-19', 1, 'Locação e Assistência Corretiva', 12, 'Trimestral', NULL),
(24, 24, NULL, NULL, 0, NULL, NULL, NULL, 'Cedência temporária sem encargos contratuais contratados.'),
(25, 25, '2019-02-17', '2021-02-17', 1, 'Inspeção Mecânica de Estruturas', 25, 'Anual', 'Verificação de calibração de células de carga.'),
(26, 26, '2022-04-10', '2024-04-10', 0, NULL, NULL, NULL, 'Manutenção simples de filtros realizada em casa.'),
(27, 27, '2021-03-22', '2023-03-22', 1, 'Contrato Global Multi-Bomba', 6, 'Anual', NULL),
(28, 28, '2018-05-14', '2020-05-14', 1, 'Calibração de Alinhamento Ótico Especializado', 9, 'Semestral', 'Óculos de proteção testados.'),
(29, 29, '2021-06-25', '2023-06-25', 1, 'Contrato Torres Cirúrgicas', 29, 'Semestral', NULL),
(30, 30, '2020-01-20', '2022-01-20', 0, NULL, NULL, NULL, 'Abatido. Contrato encerrado com o fornecedor.');

INSERT INTO `componentes_associados` (`id`, `equipamento_pai_id`, `codigo_componente`, `designacao_componente`, `numero_serie_componente`, `observacoes`) VALUES
(1, 1, 'COMP-CBL-01', 'Cabo de ECG de 5 Condutores', 'CB2021-99', 'Cabo reforçado para urgência'),
(2, 1, 'COMP-SPO2-01', 'Sensor de SpO2 Reutilizável de Dedo', 'SP77412', 'Tamanho Adulto'),
(3, 2, 'COMP-CBL-02', 'Cabo de ECG de 5 Condutores', 'CB2021-102', 'Uso em UCI'),
(4, 2, 'COMP-SPO2-02', 'Sensor de SpO2 Reutilizável Pediátrico', 'SP77499', 'Uso pediátrico específico'),
(5, 3, 'COMP-VALV-01', 'Válvula de Expiração Reutilizável', 'V-DR-881', 'Autoclavável'),
(6, 3, 'COMP-BRA-01', 'Braço Articulado de Suporte de Circuitos', 'BR-4412', 'Fixação na calha técnica'),
(7, 4, 'COMP-VALV-02', 'Válvula de Expiração Reutilizável', 'V-DR-882', 'Apresenta fuga intermitente'),
(8, 7, 'COMP-VAP-01', 'Vaporizador de Sevoflurano', 'VAP-SEVO-09', 'Calibrado com agente específico'),
(9, 7, 'COMP-VAP-02', 'Vaporizador de Isoflurano', 'VAP-ISO-02', 'Módulo suplente de anestesia'),
(10, 8, 'COMP-SON-01', 'Sonda Ecográfica Linear', 'SN-LIN-441', 'Alta frequência para vascular'),
(11, 8, 'COMP-SON-02', 'Sonda Ecográfica Setorial', 'SN-SET-992', 'Dedicada a cardiologia adulta'),
(12, 9, 'COMP-INJ-01', 'Injetor Automático de Contraste Monocabeça', 'INJ-CT-11', 'Sincronizado com o disparo do TC'),
(13, 11, 'COMP-CRT-01', 'Carro de Carga em Inox para Cestas', 'CRT-GT-01', 'Estrutura de transporte interno'),
(14, 12, 'COMP-PADE-01', 'Conjunto de Pades de Desfibrilação Externas Rígidas', 'PD-ZOLL-01', 'Pades adulto/pediátrico integradas'),
(15, 14, 'COMP-BAL-01', 'Balança Eletrónica Integrada de Berço', 'BAL-INC-03', 'Calibração integrada com visor'),
(16, 15, 'COMP-ENDO-01', 'Video-Gastroscópio Flexível Slim', 'GT-OL-5521', 'Canal de biópsia verificado'),
(17, 15, 'COMP-ENDO-02', 'Video-Colonoscópio Standard', 'CL-OL-8831', 'Submetido a teste de estanquicidade diário'),
(18, 16, 'COMP-MON-DIAL', 'Módulo de Medição de Pressão Sanguínea Arterial', 'FR-BPM-01', 'Módulo acoplado à máquina'),
(19, 19, 'COMP-BOB-01', 'Bobina de Cabeça de 16 Canais (RM)', 'BB-HEAD-16', 'Uso neurológico avançado'),
(20, 19, 'COMP-BOB-02', 'Bobina de Coluna Vertebral Integrada', 'BB-SPINE-01', 'Fixa na mesa de exame'),
(21, 20, 'COMP-PED-01', 'Pedal de Disparo de Raio-X com Fio', 'PD-GE-99', 'Proteção estanque IPX8'),
(22, 20, 'COMP-MON-ARC', 'Monitor Duplo de Visualização Médico-Cirúrgico', 'MN-GE-OEC', 'Montado no carro móvel'),
(23, 23, 'COMP-AUTOSAMP', 'Módulo de Auto-Amostrador de Tubos', 'SX-SAMP-01', 'Braço robótico de aspiração'),
(24, 26, 'COMP-SON-03', 'Sonda Ecográfica Convexo-Abdominal', 'SN-CONV-12', 'Triagem rápida em urgência'),
(25, 29, 'COMP-CAM-01', 'Cabeça de Câmara Laparoscópica 3-CMOS', 'CAM-KS-01', 'Focagem manual e botões programáveis'),
(26, 29, 'COMP-INS-01', 'Insuflador de CO2 de Alto Fluxo (40L)', 'INS-KS-40', 'Aquecimento de gás integrado'),
(27, 3, 'COMP-FIL-01', 'Filtro Regulador de Pressão de Ar Comprimido', 'FL-0021', 'Filtro purificador de linha'),
(28, 7, 'COMP-ABS-01', 'Canister Absorvedor de CO2 Reutilizável', 'CN-DR-99', 'Capacidade para 1.5kg de cal sodada'),
(29, 9, 'COMP-WORK-01', 'Consola de Pós-Processamento de Imagem Avançada', 'WORK-SI-01', 'Licenças de reconstrução 3D ativas'),
(30, 11, 'COMP-COMP-VAP', 'Condensador de Vapor de Descarga', 'COND-GT-66', 'Módulo de arrefecimento de efluentes');

INSERT INTO `documentacao` (`id`, `tipo_documento`, `nome_documento`, `nome_ficheiro_caminho`, `data_documento`, `data_validade`, `equipamento_id`) VALUES
(1, 'Manual de utilizador', 'Manual de Operação IntelliVue MX550 V1.0', '/docs/manuais/philips_mx550_user.pdf', '2021-01-10', NULL, 1),
(2, 'Manual de serviço', 'Manual Técnico e Esquemas Eletrónicos MX550', '/docs/manuais/tecnicos/philips_mx550_service.pdf', '2021-01-15', NULL, 1),
(3, 'Manual de utilizador', 'Manual de Operação IntelliVue MX550 V1.0', '/docs/manuais/philips_mx550_user.pdf', '2021-01-10', NULL, 2),
(4, 'Manual de utilizador', 'Manual de Instruções de Uso Evita V800 PT', '/docs/manuais/draeger_evita_v800_user.pdf', '2020-05-01', NULL, 3),
(5, 'Certificado de calibração', 'Certificado de Calibração Ventilador Código 001', '/docs/certificados/calib_evita_001_2026.pdf', '2026-01-10', '2027-01-10', 3),
(6, 'Certificado de calibração', 'Certificado de Calibração Ventilador Código 002', '/docs/certificados/calib_evita_002_2026.pdf', '2026-01-12', '2027-01-12', 4),
(7, 'Fatura ou guia de aquisição', 'Fatura de Compra Lote Bombas B.Braun N/Ref 4412', '/docs/financeiro/faturas/fatura_infusomat_2022.pdf', '2022-01-05', NULL, 5),
(8, 'Fatura ou guia de aquisição', 'Fatura de Compra Lote Bombas B.Braun N/Ref 4412', '/docs/financeiro/faturas/fatura_infusomat_2022.pdf', '2022-01-05', NULL, 6),
(9, 'Manual de serviço', 'Manual de Serviço Avançado Primus Anestesia', '/docs/manuais/tecnicos/draeger_primus_service.pdf', '2019-03-20', NULL, 7),
(10, 'Declaração de conformidade', 'Declaração CE de Conformidade Vivid E95', '/docs/qualidade/ce_ge_vivid_e95.pdf', '2022-02-14', NULL, 8),
(11, 'Contrato de manutenção', 'Contrato de Manutenção Full Somatom Go TC', '/docs/contratos/siemens_somatom_full_2025.pdf', '2025-01-01', '2026-12-31', 9),
(12, 'Relatório técnico', 'Relatório de Instalação e Comissionamento Cobas c311', '/docs/relatorios/instalacao_cobas_c311.pdf', '2020-02-15', NULL, 10),
(13, 'Manual de utilizador', 'Manual de Operação Autoclave Getinge HS66', '/docs/manuais/getinge_hs66_user.pdf', '2017-01-20', NULL, 11),
(14, 'Relatório técnico', 'Relatório de Inspeção Anual da Câmara de Pressão Autoclave', '/docs/relatorios/inspecao_vaso_pressao_2025.pdf', '2025-04-10', '2026-04-10', 11),
(15, 'Manual de utilizador', 'Manual do Utilizador Desfibrilhador Zoll X Series', '/docs/manuais/zoll_xseries_user.pdf', '2022-05-10', NULL, 12),
(16, 'Manual de utilizador', 'Manual do Utilizador Desfibrilhador Zoll X Series', '/docs/manuais/zoll_xseries_user.pdf', '2022-05-10', NULL, 13),
(17, 'Certificado de calibração', 'Certificado de Calibração Simulador de Descarga ZOLL 005', '/docs/certificados/calib_zoll_005.pdf', '2026-02-10', '2027-02-10', 13),
(18, 'Manual de utilizador', 'Manual Operacional Incubadora Isolette 8000', '/docs/manuais/draeger_isolette8000_user.pdf', '2021-03-01', NULL, 14),
(19, 'Contrato de manutenção', 'Contrato de Manutenção Preventiva Olympus Endoscopia', '/docs/contratos/olympus_manutencao_2025.pdf', '2025-10-01', '2026-10-01', 15),
(20, 'Relatório técnico', 'Relatório de Desinfecção e Revisão de Canais Flexíveis', '/docs/relatorios/revisao_canais_gastroscopio.pdf', '2025-12-05', NULL, 15),
(21, 'Manual de serviço', 'Technical Service Manual Fresenius 5008', '/docs/manuais/tecnicos/fresenius_5008_service.pdf', '2018-09-12', NULL, 16),
(22, 'Manual de serviço', 'Technical Service Manual Fresenius 5008', '/docs/manuais/tecnicos/fresenius_5008_service.pdf', '2018-09-12', NULL, 17),
(23, 'Manual de utilizador', 'User Guide Intelect Neo Chattanooga', '/docs/manuais/chattanooga_neo_user.pdf', '2021-05-15', NULL, 18),
(24, 'Contrato de manutenção', 'Contrato Especial de Cobertura Criogénica Magnetom', '/docs/contratos/siemens_altea_cryo_2023.pdf', '2023-06-01', '2028-06-01', 19),
(25, 'Relatório técnico', 'Relatório de Levantamento Radiológico e Blindagem de Sala', '/docs/relatorios/blindagem_raio_x_arco.pdf', '2020-04-20', NULL, 20),
(26, 'Manual de utilizador', 'Manual de Operação Lavadora Reliance 333', '/docs/manuais/steris_reliance333_user.pdf', '2018-02-10', NULL, 21),
(27, 'Manual de utilizador', 'Operation Manual Topcon TRC-NW400', '/docs/manuais/topcon_trc_user.pdf', '2021-04-12', NULL, 22),
(28, 'Manual de utilizador', 'Instructions Manual Sysmex XN1000 PT', '/docs/manuais/sysmex_xn1000_user.pdf', '2020-01-15', NULL, 23),
(29, 'Manual de utilizador', 'Manual de Operação Ecógrafo Portátil M9', '/docs/manuais/mindray_m9_user.pdf', '2022-01-20', NULL, 26),
(30, 'Relatório técnico', 'Auto de Abate Técnico por Obsolescência Funcional', '/docs/relatorios/abate/abate_faco_centurion.pdf', '2026-01-15', NULL, 30);